{"accuracy": 0.8605442176870748, "precision": 0.5652173913043478, "recall": 0.5531914893617021, "f1": 0.5591397849462365, "roc_auc": 0.8050650357481264}